{
    "Accuracy": 0.532,
    "Precision": 0.5804597701149425,
    "Recall": 0.696551724137931,
    "f1_score": 0.6332288401253918
}
