{
    "Accuracy": 0.556,
    "Precision": 0.6,
    "Recall": 0.7034482758620689,
    "f1_score": 0.6476190476190476
}
