{
    "Accuracy": 0.56,
    "Precision": 0.6060606060606061,
    "Recall": 0.6896551724137931,
    "f1_score": 0.6451612903225806
}
