{
    "Accuracy": 0.548,
    "Precision": 0.5941176470588235,
    "Recall": 0.696551724137931,
    "f1_score": 0.6412698412698413
}
